{"MAradxzQX9p92GjXZ+w5mw==":"logohapkidoaljarafe(0).svg","lAZh4EkPP7dfx8PXWr71GQ==":"logohapkidoaljarafe(3)-782x645.png","6kjYX8JkgSwJf6NUNW4VeA==":"logo-209x80.png","KHjwFUUOscjdQS8OYD1dFw==":"logohapkidoaljarafe(1)-2000x1125.png","Tn1zTb8iTN794M5b7lrJ7Q==":"slide1-1024x576.jpg","X5od/R7qIzFhGsrQ3YvBsw==":"hapkidoaljarafe0000.svg","TCejWGNrx4nQCu9f6pVtqg==":"logohapkidoaljarafe(22)-128x128.png","X7UJmcDO2Jx6qtqK5t5gyw==":"slide3-1600x900.jpg","e3c87zTpAYf2eUdInqvvIw==":"dsc-317-1024x682.png","kQzP842o9v1x6ckmGZCMDg==":"dsc-317-1351x900.jpg","3VhyOi/Py5ukoX6uz/tUvw==":"dsc-306-1024x682.png","vMHSMK5x2XLRV+fGMCIayA==":"dsc-306-1351x900.jpg","EtPeXHpgskn/l/i0KblpCw==":"dsc-296-1024x682.png","J51W0QFEOor9Hi/NiHCD0A==":"dsc-296-1351x900.jpg","5lDsFeA8uibUgr0C/6Mcpw==":"dsc-289-1024x682.png","Q2JuXadSsiRRZPzSSj9P5Q==":"dsc-289-1351x900.jpg","3THXFC4D26ZtBh+w/KqxJA==":"dsc-1024-1024x682.png","qY4tvHwPl0Q32L4ptEPX9Q==":"dsc-1024-1351x900.jpg","7HAH4xNw0zdPeOjmv3e7cA==":"dsc-1025-1351x900.jpg","KMtbA2gMYUhKKKIqWnwyRQ==":"dsc-945-1024x682.png","nc8IZNHCg7yuzs+XoyD1lg==":"dsc-945-1351x900.jpg","MiQ6JuqsQj8QKUE9h1lKWA==":"dsc-938-1024x682.png","3SRVTnWfQBpgIrjIhQ6ZyQ==":"dsc-938-1351x900.jpg","kzWaBWO007Y1gmevhIKjBQ==":"dsc-863-1024x682.png","hoiFLPuLOUstcBS0TffdgQ==":"dsc-863-1351x900.jpg","Ms+3uJG8c8ubG8SHG3UJ9Q==":"dsc-813-1024x682.png","BFIFGgakhhpKC3YfwjG6Fg==":"dsc-813-1351x900.jpg","RkGZPrJr7qYlQAOXspcH9g==":"dsc-805-1024x682.png","cWGuogtooM7YmjnIutTN2A==":"dsc-805-1351x900.jpg","h94cwWbXZaf4/N7qgM2Q+g==":"dsc-751-1024x682.png","MXt4B8nzT4TlcX9s5TAumQ==":"dsc-751-1351x900.jpg","TNZBtLkONq6BLNPZFJC0Kw==":"dsc-747-1024x682.png","i2Viot1Bbhj+tImX/BT1+g==":"dsc-747-1351x900.jpg","eViIDJG2Sj9EY5zFLhHtwA==":"dsc-692-1024x682.png","WEF4drIe48W8kEi1tTEX8w==":"dsc-692-1351x900.jpg","xq6eG0HAQwZAdZT1Xm+KLw==":"dsc-688-1024x682.png","T4UAAiCB3bW1oiZliy3kSA==":"dsc-688-1351x900.jpg","oq5bzWvJqgcaGxQTOadYZQ==":"dsc-683-1024x682.png","DWiW8jO8CFvzqz3NE6LyFA==":"dsc-683-1351x900.jpg","C6AuD+Vvlp/vBrmMxRd63A==":"dsc-682-1024x682.png","w2HMqeGBe2TKgJp7ma9yng==":"dsc-682-1351x900.jpg","31Zf1pLNh5vT63kGACa2oA==":"dsc-679-1024x682.png","FipwB78OzlAhU6518oQKoA==":"dsc-679-1351x900.jpg","5Q8cV4PQSszNscIwlMVpSw==":"image10-640x360.png","kRX4FcywU7+HxkN9e+GN6A==":"image11-640x360.png","nAdGvXvMul3qFF7Tsn3T8A==":"image12-640x360.png","ix0vSlc1JgEKyMoR4/b9qw==":"image14-640x360.png","7O9JhUas8dexTQkrjZbkqg==":"image15-640x364.png","B5zNCZWZwlKxNW2PjO+46A==":"image16-640x362.png","pOSDb/oonapVXaZ5DjmHWA==":"image17-640x361.png","s24pS/0KKmuCT7RVX3SBTg==":"image18-640x360.png","/d/Exzoy/jmuOJwAzz5xKw==":"image19-640x360.png","sImrXAdTdHAzBkpP8ywRiw==":"image20-640x360.png","bBIn3RQIpXRD0Q0wdQ6GTQ==":"image21-640x360.png","mQHDodnMKiQ6XJZbLdABUA==":"image23-640x360.png","6jHDAlmJs/JhuHcYUArAew==":"image25-640x363.png","OZBO0zDRbgZ5Y/PKG6KlFQ==":"image27-640x364.png","YCEy7YIsC3zGZYO7Uq6zGg==":"image28-640x362.png","FRGBMaSRgRjrjI3gVK+50Q==":"image29-640x362.png","yW5Gi/Jg89nef1vwuGpfcw==":"image30-640x362.png","CyQa8a5lcrdNWex1rM/RZw==":"image31-640x362.png","X+uAlgnpmra4rCgdq9213w==":"image32-640x360.png","Kw0nF3vPrSSluwKinf2HvA==":"image33-640x365.png","J4r9UFZUTK6kDwmhlR+6ww==":"image40-640x362.png","KzB3gMZXdf84RtWEH34s7w==":"image42-640x360.png","KmPuO/XqBH5eXAWSyBELXg==":"image47-640x360.png","1zap94NwOhqnI7f0//L3hg==":"image46-150x124.png","abAUrFtGOg0j5X3Mg6HqWw==":"image35(1)-640x360.png","z86Pj8Ti5SPxI7WPKfUKOg==":"image36(1)-640x360.png","uoho6RUWVYiIX6x+nuca3A==":"image37(1)-640x360.png","2u1ZN0eeT/KyPyXLJEx4Gg==":"image38(1)-640x378.png","wXXbmcmUqxknzSWIYiZQJg==":"image39(1)-640x360.png","hO8QGg5uEyI6Lc51YdvDOg==":"image41(1)-624x351.png","4mNJ4acBqCLtBfkg8Dwc8A==":"image43(1)-620x349.png","7SJDMI8Kw48HW1WH7xpqDA==":"image44(1)-620x349.png","zhGZ06fHuRCw0e4iB/Lt0g==":"image45(1)-620x349.png","XRdV0UPVEWpL741pNnz+Vw==":"image46(1)-620x349.png","Ti4dHQxgPiRBILxeLyUKeQ==":"image15-640x364-640x364.png","xFjsxZ72nZCV3SZE3kwkmA==":"image16-640x362-640x362.png","B698pwOzx365Iu8qitj1pg==":"sun-2571158-1920-1920x1117.jpg","AOuKNYktEulXA0wQ06t2sw==":"yoga-600x650.png","wFcOe9lmVKoeXWcCbZ0o1g==":"-20150613-wa0011-640x360.png","L1IwGJfRKD+xf/Q1aFRMcQ==":"-20150614-wa0012-600x337.png","TWZj1LL4bO4on3hDdBY1YQ==":"3847155868_dc097ebd39_b-1024x681.jpg","LXkZfGGGKopf6/76o7VxCQ==":"gerald_g_yoga_poses_(stylized)-4-600x506.png","qMAlWKQJ6OhtgMwAZ3UgHA==":"g817-600x600.png","xImLzbZo1Q2Nv0ylksIuBg==":"g818-600x450.png","AqqIwdkzSTVk0GeLZ8pbyA==":"fisioterapia-960x720.jpg","8r+2W6SN4KS0LBPo3huUKA==":"yogafondo-600x337.jpg","6rR86ZmSONqDe++AGMBu4g==":"reikifondo-960x540.jpg","+/fRJmU5NmYYMSBNBrK1kw==":"fondohaidong-960x540.jpg","/E4lgSDqFaExvtGlStOQBQ==":"haidongfoto-600x450.jpg","4OmzpH/tJ5CoJ3nw9imdSg==":"pilatesfondo-960x539.jpg","YxX6KKV2hTH+dPZbHa6roQ==":"pilatesfoto-600x336.jpg","8+8tfTMxZb+pClX1KYYslw==":"fondobaile-399x237.png","Mbv2nUb1usXGWs8nprVBVA==":"fondobaile-1024x612.png","7rZJIpMqU8FDeyYUrmhQgA==":"fondobaile-1-1024x612.png","XBrJWZZrLBYXAGOsvG0fdQ==":"quiromasaje-343x224.png","UZZJwrdrUsczZnse7fGz3g==":"quiromasajefondo-2000x1710.png","G7Z35ps8NEnGs0vqd5YEFg==":"mbr-1080x1080.jpg","5T0dhXSYE2xNAAiCDa5aOw==":"slide3-1024x576.jpg","eXbWBz4RJYznn0lOJwYLXQ==":"bailessalon%20(5)-600x449.jpg","q9wrO9+UR1NJMrzu0N1xMw==":"bailessalon%20(8)-600x449.jpg","kiDcxgemPbv8kScNnInw4g==":"slide2-1-1024x576.jpg","OaZ5ACrOW4G5id3r98YcdA==":"haidongfotos%20(1)-1600x1200.jpg","9oBxoUHv01+pH8JO5U3Rzg==":"haidongfotos%20(1)-768x576.jpg","VyOrltk4+G1okUM2rkEcug==":"haidongfotos%20(2)-1600x1200.jpg","keA/MoSBkXdr8bYIX/gXUA==":"haidongfotos%20(2)-768x576.jpg","kCQZbKIH0wp1qYqXU8veNg==":"haidongfotos%20(3)-1600x960.jpg","MuP7MB7pwCMU6pqtuh3oEw==":"haidongfotos%20(3)-960x576.jpg","Gj4v5N2B7YBCOB9ofSgOMQ==":"haidongfotos%20(4)-1600x960.jpg","sZZaeX5vEiFanYSerPVmHw==":"haidongfotos%20(4)-960x576.jpg","5l3BmI8yNzReFjRVCdo/kw==":"haidongfotos%20(5)-1600x960.jpg","JfNaCL56Kq6hVng75We93A==":"haidongfotos%20(5)-960x576.jpg","kenCz3GjGpd87UkZQB8BSA==":"haidongfotos%20(6)-1600x960.jpg","U3VFXWcdAhkobbs5/xrVqQ==":"haidongfotos%20(6)-960x576.jpg","uzV9QZmFhs72amwNvXI0FQ==":"haidongfotos%20(7)-1600x1200.jpg","UdMSN4nOU6UysHJMwjd5qQ==":"haidongfotos%20(7)-768x576.jpg","A7HWC9mCJ8kX5iUYXuZPfw==":"haidongfotos%20(8)-1328x747.jpg","do0SnSeHxUzomY2aSKADQA==":"haidongfotos%20(8)-1024x576.jpg","JP+lPtdC3OzjklWH0RO1rg==":"haidongfotos%20(9)-2000x1123.jpg","YnWgNx96Zn8vNCTy5L8voA==":"haidongfotos%20(9)-1024x574.jpg","rxkW2s530UdIAUTq9jKqjQ==":"haidongfotos%20(10)-2000x1123.jpg","1K+xTb0lpi8TjAKqQ0Iuog==":"haidongfotos%20(10)-1024x574.jpg","pOuSf+YVDbg2AJdWnYdpCg==":"haidongfotos%20(11)-2000x1123.jpg","jJdP8ac4CZ+/gqshUxAKXQ==":"haidongfotos%20(11)-1024x574.jpg","krXxyGGEPt3B+6GuxjVtxQ==":"haidongfotos%20(12)-2000x1123.jpg","8oFAtF1jkxA7L7kR24BM3w==":"haidongfotos%20(12)-1024x574.jpg","9ZrMIxcecM4zn5Q6BY/peQ==":"haidongfotos%20(13)-2000x1123.jpg","pajXvlBYwC5UyTErsbIzRQ==":"haidongfotos%20(13)-85x47.png","K84/nPW0Tgs2ltRVVpC2Mg==":"haidongfotos%20(14)-2000x1123.jpg","WxStP9uyWGShYpUB3Z2Qug==":"haidongfotos%20(14)-1024x574.jpg","QaaidhFQ+wVwsCQ5eGccIg==":"haidongfotos%20(15)-1600x960.jpg","UbHqrjRwlejZVLCfydCOyg==":"haidongfotos%20(15)-960x576.jpg","JNw3Bo19Mp6a1qSFLRkvkQ==":"dsc-306-1024x576.jpg","CSXQFehdX5X2LECrTSOQ1w==":"whatsapp%20image%202018-05-17%20at%2018.08.50-1600x1140.jpg","vL+uWlwqqK29vZIFfHY9zQ==":"logohapkidoaljarafe(3)-545x449.png","xHOvf+vBzYMV1lABEUwnkw==":"logohapkidoaljarafe(3)2-498x411.png","DCW/KZdPhucHJXmqaoNzfA==":"dsc-813-72x48.png","af1P+u/OPAsFPfPehp/gXw==":"whatsapp%20image%202018-09-14%20at%2021.10.52-1600x900.jpg","NABkP9i4t4mIGSpFn73WIA==":"background1.jpg","tvwU4sDdNceq9z35HuSndA==":"mbr-672x448.jpg","GYscKV3oS11yT0q40xvukg==":"mbr-826x549.jpg","ihlkf69UyfSmhSyJ1Jvc6w==":"jumbotron.jpg","RjMcZtIr8bs1nmhbTEkVQA==":"image25-640x363-640x363.png","qiZmlwOjXV4Io5YGvtT+9Q==":"swingdance-275x183.jpg","JpyNwkvYk1UDIWjAxRCUmQ==":"whatsapp%20image%202018-11-13%20at%2014.40.39-826x1167.jpg"}